feature_id	feature	value	value_label	comment	source
81A	Order of Subject, Object and Verb	2	Subject-verb-object (SVO)		Batibo-1985[passim]
82A	Order of Subject and Verb	1	Subject precedes verb (SV)		Batibo-1985[passim]
83A	Order of Object and Verb	2	Object follows verb (VO)		Batibo-1985[passim]
101A	Expression of Pronominal Subjects	2	Pronominal subjects are expressed by affixes on verbs		Batibo-1985[passim]
112A	Negative Morphemes	6	Double negation		Batibo-1985[283-286]
143A	Order of Negative Morpheme and Verb	14	Obligatory Double Negation		Batibo-1985[283-286]
143B	Obligatory Double Negation	4	[Neg-V-Neg]		Batibo-1985[283-286]
143E	Preverbal Negative Morphemes	2	Negative prefix		Batibo-1985[283-286]
143F	Postverbal Negative Morphemes	2	Negative suffix		Batibo-1985[283-286]
143G	Minor morphological means of signaling negation	4	No negative tone, infix or stem change		Batibo-1985[283-286]
144A	Position of Negative Word With Respect to Subject, Object, and Verb	20	Morphological negation only (but not double negation)		Batibo-1985[283-286]
144D	The Position of Negative Morphemes in SVO Languages	14	SVO with obligatory double negation		Batibo-1985[283-286]
144F	Obligatory Double Negation in SVO languages	9	S[Neg-V-Neg]O		Batibo-1985[283-286]
144H	NegSVO Order	4	SVO but NegSVO does not occur		Batibo-1985[283-286]
144I	SNegVO Order	6	Prefix, only occurs with another negative morpheme		Batibo-1985[283-286]
144J	SVNegO Order	6	Suffix, only occurs with another negative morpheme		Batibo-1985[283-286]
144K	SVONeg Order	4	SVO but SVONeg does not occur		Batibo-1985[283-286]
