concept_id	concepticon_gloss	gloss_in_source	form_asjpcode	segments	loan	source
11	ONE	one	mo	m o	false	2645
12	TWO	two	bili	b i l i	false	2645
18	PERSON	person	nhu	n h u	false	2645
19	FISH	fish	dilo	d i l o	false	2645
21	DOG	dog	va	v ɐ	false	2645
22	LOUSE	louse	da	d ɐ	false	2645
23	TREE	tree	ti	t i	false	2645
25	LEAF	leaf	dutu	d u t u	false	2645
31	BONE	bone	gu*hwa	g ũ h w ɐ	false	2645
34	HORN (ANATOMY)	horn	pembe	p e m b e	false	2645
39	EAR	ear	tu	t u	false	2645
40	EYE	eye	i*so	ĩ s o	false	2645
41	NOSE	nose	ulu	u l u	false	2645
43	TOOTH	tooth	i*no	ĩ n o	false	2645
44	TONGUE	tongue	limi*	l i m ĩ	false	2645
47	KNEE	knee	zwi	z w i	false	2645
48	HAND	hand	kono	k o n o	false	2645
51	BREAST	breast	bele	b e l e	false	2645
53	LIVER	liver	tima	t i m ɐ	false	2645
54	DRINK	drink	Nu	ŋ u	false	2645
57	SEE	see	bon	b o n	false	2645
58	HEAR	hear	i*gw	ĩ g w	false	2645
61	DIE	die	f	f	false	2645
61	DIE	die	gay	g ɐ j	false	2645
66	COME	come	i*z	ĩ z	false	2645
72	SUN	sun	imi*	i m ĩ	false	2645
74	STAR	star	sonda	s o n d ɐ	false	2645
75	WATER	water	inzi	i n z i	false	2645
77	STONE	stone	we	w e	false	2645
85	PATH	path	zila	z i l ɐ	false	2645
86	MOUNTAIN	mountain	tumba	t u m b ɐ	false	2645
92	NIGHT	night	ji*ku	dʒ ĩ k u	false	2645
95	FULL	full	i*zul	ĩ z u l	false	2645
95	FULL	full	okol	o k o l	false	2645
96	NEW	new	pya	p j ɐ	false	2645
100	NAME	name	i*na	ĩ n ɐ	false	2645
