variety	language_id	concept_id	concepticon_gloss	concepticon_id	value	form	segments	cognate_set	source
Sukuma	f21sukuma	animal	ANIMAL	619	ɲama	ɲama	ɲ a m a	animal-1	30800
Sukuma	f21sukuma	arm	ARM	1673	nkono	nkono	n k o n o	arm-21	30800
Sukuma	f21sukuma	ashes	ASH	646	ibu	ibu	i b u	ashes-1	30800
Sukuma	f21sukuma	bark	BARK	1204	igula	igula	i g u l a	bark-40	30800
Sukuma	f21sukuma	bed	BED	1663	jitanda	jitanda	j i t a ⁿd a	bed-28	30800
Sukuma	f21sukuma	belly	BELLY	1251	ŋhumbi	ŋhumbi	ŋ h u ⁿb i	belly-45	30800
Sukuma	f21sukuma	big	BIG	1202	-ale	-ale	a l e	big-56	30800
Sukuma	f21sukuma	bird	BIRD	937	noni	noni	n o n i	bird-2	30800
Sukuma	f21sukuma	bite	BITE	1403	kuluma	kuluma	k u l u m a	bite-1	30800
Sukuma	f21sukuma	blood	BLOOD	946	mininga	mininga	m i n i ⁿg a	blood-26	30800
Sukuma	f21sukuma	bone	BONE	1394	iguha	iguha	i g u h a	bone-2	30800
Sukuma	f21sukuma	breast	BREAST	1402	mbele	mbele	ⁿb e l e	breast-1	30800
Sukuma	f21sukuma	burn	BURN (SOMETHING)	141	kubaka	kubaka	k u b a k a	burn-39	30800
Sukuma	f21sukuma	child	CHILD	2099	ŋwana or nigini	ŋwana	ŋ w a n a	child-1	30800
Sukuma	f21sukuma	cloud	CLOUD	1489	ilunde	ilunde	i l u ⁿd e	cloud-67	30800
Sukuma	f21sukuma	come	COME	1446	kwiza	kwiza	kʷ i z a	come-44	30800
Sukuma	f21sukuma	count	COUNT	1420	kubala	kubala	k u b a l a	count-13	30800
Sukuma	f21sukuma	dew	DEW	1977	lume	lume	l u m e	dew-29	30800
Sukuma	f21sukuma	die	DIE	1494	kucha	kucha	k u tʃ a	die-1	30800
Sukuma	f21sukuma	dog	DOG	2009	mva	mva	m v a	dog-1	30800
Sukuma	f21sukuma	drink	DRINK	1401	kuŋwa	kuŋwa	k u ŋ w a	drink-1	30800
Sukuma	f21sukuma	ear	EAR	1247	gutu	gutu	g u t u	ear-3	30800
Sukuma	f21sukuma	egg	EGG	744	igi	igi	i g i	egg-3	30800
Sukuma	f21sukuma	elephant	ELEPHANT	1290	mhuli	mhuli	m h u l i	elephant-12	30800
Sukuma	f21sukuma	eye	EYE	1248	liso	liso	l i s o	eye-2	30800
Sukuma	f21sukuma	face	FACE	1560	buʃu	buʃu	b u ʃ u	face-4	30800
Sukuma	f21sukuma	fall	FALL	1280	(g)ugwa	(g)ugwa	g u g w a	fall-1	30800
Sukuma	f21sukuma	fatoil	ORGANIC FAT OR OIL	2551	maguta	maguta	m a g u t a	fatoil-1	30800
Sukuma	f21sukuma	feather	FEATHER	1201	boya	boya	b o j a	feather-35	30800
Sukuma	f21sukuma	fingernail	FINGERNAIL	1258	njala	njala	n j a l a	fingernail-7	30800
Sukuma	f21sukuma	fire	FIRE	221	moto	moto	m o t o	fire-39	30800
Sukuma	f21sukuma	firewood	FIREWOOD	10	ŋhwi	ŋhwi	ŋ h w i	firewood-28	30800
Sukuma	f21sukuma	fish	FISH	227	ʃi	ʃi	ʃ i	fish-1	30800
Sukuma	f21sukuma	five	FIVE	493	itano	itano	i t a n o	five-1	30800
Sukuma	f21sukuma	fly	FLY (MOVE THROUGH AIR)	1441	gulala	gulala	g u l a l a	fly-53	30800
Sukuma	f21sukuma	four	FOUR	1500	ine	ine	i n e	four-4	30800
Sukuma	f21sukuma	give	GIVE	1447	kwinha	kwinha	kʷ i n h a	give-1	30800
Sukuma	f21sukuma	goat	GOAT	1502	mbuli	mbuli	ⁿb u l i	goat-1	30800
Sukuma	f21sukuma	groundsoil	EARTH (SOIL)	1228	bulongo	bulongo	b u l o ⁿg o	groundsoil-43	30800
Sukuma	f21sukuma	hair	HAIR (HEAD)	2648	luywili	luywili	l u j w i l i	hair-25	30800
Sukuma	f21sukuma	head	HEAD	1256	ntwe	ntwe	n̩ tʷ e	head-3	30800
Sukuma	f21sukuma	hear	HEAR	1408	kwigwa	kwigwa	kʷ i g w a	hear-32	30800
Sukuma	f21sukuma	heart	HEART	1223	ŋholo	ŋholo	ŋ h o l o	heart-25	30800
Sukuma	f21sukuma	horn	HORN (ANATOMY)	1393	ipembe	ipembe	i p e ⁿb e	horn-21	30800
Sukuma	f21sukuma	house	HOUSE	1252	numba	numba	n u ⁿb a	house-23	30800
Sukuma	f21sukuma	hunger	HUNGER	1864	nzala	nzala	n z a l a	hunger-1	30800
Sukuma	f21sukuma	intestine	INTESTINES	1991	bula	bula	b u l a	intestine-2	30800
Sukuma	f21sukuma	iron	IRON	621	jisinza	jisinza	j i s i n z a	iron-45	30800
Sukuma	f21sukuma	kill	KILL	1417	kubulaga	kubulaga	k u b u l a g a	kill-29	30800
Sukuma	f21sukuma	knee	KNEE	1371	izwi	izwi	i z w i	knee-11	30800
Sukuma	f21sukuma	knife	KNIFE	1352	luʃu	luʃu	l u ʃ u	knife-35	30800
Sukuma	f21sukuma	know	KNOW (SOMETHING)	1410	kumana	kumana	k u m a n a	know-8	30800
Sukuma	f21sukuma	leaf	LEAF	628	idutu	idutu	i d u t u	leaf-35	30800
Sukuma	f21sukuma	leg	LEG	1297	gugulu	gugulu	g u g u l u	leg-1	30800
Sukuma	f21sukuma	liver	LIVER	1224	itima	itima	i t i m a	liver-40	30800
Sukuma	f21sukuma	louse	LOUSE	1392	nda	nda	ⁿd a	louse-22	30800
Sukuma	f21sukuma	man	MAN	1554	ngoʃi	ngoʃi	ⁿg o ʃ i	man-40	30800
Sukuma	f21sukuma	moon	MOON	1313	ŋweji	ŋweji	ŋ w e j i	moon-5	30800
Sukuma	f21sukuma	mouth	MOUTH	674	nomo	nomo	n o m o	mouth-18	30800
Sukuma	f21sukuma	name	NAME	1405	lina	lina	l i n a	name-4	30800
Sukuma	f21sukuma	navel	NAVEL	1838	nkundi	nkundi	n k u ⁿd i	navel-18	30800
Sukuma	f21sukuma	neck	NECK	1333	nhingo	nhingo	n h i ⁿg o	neck-7	30800
Sukuma	f21sukuma	night	NIGHT	1233	bujiku	bujiku	b u j i k u	night-1	30800
Sukuma	f21sukuma	nose	NOSE	1221	lyulu	lyulu	l j u l u	nose-28	30800
Sukuma	f21sukuma	one	ONE	1493	imo	imo	i m o	one-11	30800
Sukuma	f21sukuma	person	PERSON	683	munhu	munhu	m u n h u	person-14	30800
Sukuma	f21sukuma	rain	RAIN (PRECIPITATION)	658	mbula	mbula	ⁿb u l a	rain-4	30800
Sukuma	f21sukuma	road	ROAD	667	nzila	nzila	n z i l a	road-1	30800
Sukuma	f21sukuma	root	ROOT	670	nzwi	nzwi	ⁿzʷ i	root-22	30800
Sukuma	f21sukuma	salt	SALT	1274	munhu	munhu	m u n h u	salt-24	30800
Sukuma	f21sukuma	see	SEE	1409	kubona	kubona	k u b o n a	see-18	30800
Sukuma	f21sukuma	send	SEND	1127	kutwala	kutwala	k u t w a l a	send-19	30800
Sukuma	f21sukuma	shame	SHAME	1776	soni	soni	s o n i	shame-5	30800
Sukuma	f21sukuma	sing	SING	1261	kwimba	kwimba	kʷ i ⁿb a	sing-2	30800
Sukuma	f21sukuma	skin	SKIN	763	igula	igula	i g u l a	skin-40	30800
Sukuma	f21sukuma	sleep	SLEEP (STATE)	2972	tulo	tulo	t u l o	sleep-1	30800
Sukuma	f21sukuma	smoke	SMOKE (EXHAUST)	778	lyochi	lyochi	l j o tʃ i	smoke-21	30800
Sukuma	f21sukuma	snake	SNAKE	730	nzoka	nzoka	n z o k a	snake-1	30800
Sukuma	f21sukuma	spear	SPEAR	945	ichimu	ichimu	i tʃ i m u	spear-15	30800
Sukuma	f21sukuma	steal	STEAL	713	kwiba	kwiba	kʷ i b a	steal-4	30800
Sukuma	f21sukuma	stone	STONE	857	iwe	iwe	i w e	stone-12	30800
Sukuma	f21sukuma	sun	SUN	1343	limi	limi	l i m i	sun-58	30800
Sukuma	f21sukuma	tail	TAIL	1220	nkila	nkila	n k i l a	tail-6	30800
Sukuma	f21sukuma	ten	TEN	1515	ikumi	ikumi	i k u m i	ten-1	30800
Sukuma	f21sukuma	three	THREE	492	idatu	idatu	i d a t u	three-1	30800
Sukuma	f21sukuma	tongue	TONGUE	1205	lulimi	lulimi	l u l i m i	tongue-1	30800
Sukuma	f21sukuma	tooth	TOOTH	1380	lino	lino	l i n o	tooth-3	30800
Sukuma	f21sukuma	tree	TREE	906	linti	linti	l i n t i	tree-1	30800
Sukuma	f21sukuma	two	TWO	1498	-ibili	-ibili	i b i l i	two-11	30800
Sukuma	f21sukuma	urine	URINE	1142	mine	mine	m i n e	urine-11	30800
Sukuma	f21sukuma	village	VILLAGE	930	tʃalo	tʃalo	tʃ a l o	village-42	30800
Sukuma	f21sukuma	vomit	VOMIT	1278	guluka	guluka	g u l u k a	vomit-2	30800
Sukuma	f21sukuma	walk	WALK	1443	gʊ-siminza	gʊ-siminza	g ʊ + s i m i n z a	walk-40	30800
Sukuma	f21sukuma	war	WAR	935	bulugu	bulugu	b u l u g u	war-42	30800
Sukuma	f21sukuma	water	WATER	948	minzi	minzi	m i n z i	water-16	30800
Sukuma	f21sukuma	wind	WIND	960	ɲaga	ɲaga	ɲ a g a	wind-22	30800
Sukuma	f21sukuma	woman	WOMAN	962	nkima	nkima	n k i m a	woman-44	30800
Ntuzu	f21ntuzu	animal	ANIMAL	619	nama	nama	n a m a	animal-1	30800
Ntuzu	f21ntuzu	arm	ARM	1673	nkono	nkono	n k o n o	arm-21	30800
Ntuzu	f21ntuzu	ashes	ASH	646	mabu	mabu	m a b u	ashes-1	30800
Ntuzu	f21ntuzu	bark	BARK	1204	igUla	igUla	i g ʊ l a	bark-40	30800
Ntuzu	f21ntuzu	bed	BED	1663	bʊlɩlɩ	bʊlɩlɩ	b ʊ l ɪ l ɪ	bed-36	30800
Ntuzu	f21ntuzu	belly	BELLY	1251	nda	nda	ⁿd a	belly-23	30800
Ntuzu	f21ntuzu	big	BIG	1202	nhale	nhale	n h a l e	big-30	30800
Ntuzu	f21ntuzu	bird	BIRD	937	noni	noni	n o n i	bird-2	30800
Ntuzu	f21ntuzu	bite	BITE	1403	(kU)luma	(kU)luma	k ʊ l u m a	bite-1	30800
Ntuzu	f21ntuzu	blood	BLOOD	946	mininga	mininga	m i n i ⁿg a	blood-26	30800
Ntuzu	f21ntuzu	bone	BONE	1394	iguha	iguha	i g u h a	bone-2	30800
Ntuzu	f21ntuzu	breast	BREAST	1402	nonho	nonho	n o n h o	breast-2	30800
Ntuzu	f21ntuzu	burn	BURN (SOMETHING)	141	(gU)baka	(gU)baka	g ʊ b a k a	burn-39	30800
Ntuzu	f21ntuzu	child	CHILD	2099	ŋwana	ŋwana	ŋ w a n a	child-1	30800
Ntuzu	f21ntuzu	cloud	CLOUD	1489	ilunde	ilunde	i l u ⁿd e	cloud-67	30800
Ntuzu	f21ntuzu	come	COME	1446	kuza	kuza	k u z a	come-8	30800
Ntuzu	f21ntuzu	count	COUNT	1420	(kU)bala	(kU)bala	k ʊ b a l a	count-13	30800
Ntuzu	f21ntuzu	dew	DEW	1977	lume	lume	l u m e	dew-29	30800
Ntuzu	f21ntuzu	die	DIE	1494	(gU)cha	(gU)cha	g ʊ tʃ a	die-1	30800
Ntuzu	f21ntuzu	dog	DOG	2009	mvwa	mvwa	m̩ vʷ a	dog-1	30800
Ntuzu	f21ntuzu	drink	DRINK	1401	(kU)ŋwa	(kU)ŋwa	k ʊ ŋ w a	drink-1	30800
Ntuzu	f21ntuzu	ear	EAR	1247	gUtU ?	gUtU_?	g ʊ t ʊ	ear-16	30800
Ntuzu	f21ntuzu	egg	EGG	744	igI	igI	i g ɪ	egg-3	30800
Ntuzu	f21ntuzu	elephant	ELEPHANT	1290	mhUlI	mhUlI	m h ʊ l ɪ	elephant-12	30800
Ntuzu	f21ntuzu	eye	EYE	1248	liso	liso	l i s o	eye-2	30800
Ntuzu	f21ntuzu	face	FACE	1560	bUʃU	bUʃU	b ʊ ʃ ʊ	face-4	30800
Ntuzu	f21ntuzu	fall	FALL	1280	(kU)gwa	(kU)gwa	k ʊ g w a	fall-1	30800
Ntuzu	f21ntuzu	fatoil	ORGANIC FAT OR OIL	2551	maguta	maguta	m a g u t a	fatoil-1	30800
Ntuzu	f21ntuzu	feather	FEATHER	1201	boya	boya	b o j a	feather-35	30800
Ntuzu	f21ntuzu	fingernail	FINGERNAIL	1258	lyala	lyala	l j a l a	fingernail-7	30800
Ntuzu	f21ntuzu	fire	FIRE	221	mooto	mooto	m oː t o	fire-39	30800
Ntuzu	f21ntuzu	firewood	FIREWOOD	10	ŋhU	ŋhU	ŋ h ʊ	firewood-28	30800
Ntuzu	f21ntuzu	fish	FISH	227	ʃI	ʃI	ʃ ɪ	fish-1	30800
Ntuzu	f21ntuzu	five	FIVE	493	itano	itano	i t a n o	five-1	30800
Ntuzu	f21ntuzu	fly	FLY (MOVE THROUGH AIR)	1441	kUlala	kUlala	k ʊ l a l a	fly-53	30800
Ntuzu	f21ntuzu	four	FOUR	1500	inne	inne	i n n e	four-4	30800
Ntuzu	f21ntuzu	give	GIVE	1447	(gU)nha	(gU)nha	g ʊ n h a	give-1	30800
Ntuzu	f21ntuzu	goat	GOAT	1502	mbUli	mbUli	ⁿb ʊ l i	goat-1	30800
Ntuzu	f21ntuzu	groundsoil	EARTH (SOIL)	1228	bUlingo	bUlingo	b ʊ l i ⁿg o	groundsoil-43	30800
Ntuzu	f21ntuzu	hair	HAIR (HEAD)	2648	isinzi	isinzi	i s i n z i	hair-49	30800
Ntuzu	f21ntuzu	head	HEAD	1256	ntwe	ntwe	n̩ tʷ e	head-3	30800
Ntuzu	f21ntuzu	hear	HEAR	1408	kugwa	kugwa	k u g w a	hear-32	30800
Ntuzu	f21ntuzu	heart	HEART	1223	ŋholo	ŋholo	ŋ h o l o	heart-25	30800
Ntuzu	f21ntuzu	horn	HORN (ANATOMY)	1393	matenga	matenga	m a t e ⁿg a	horn-21	30800
Ntuzu	f21ntuzu	house	HOUSE	1252	numba	numba	n u ⁿb a	house-23	30800
Ntuzu	f21ntuzu	hunger	HUNGER	1864	bUtubu	bUtubu	b ʊ t u b u	hunger-14	30800
Ntuzu	f21ntuzu	intestine	INTESTINES	1991	bUla	bUla	b ʊ l a	intestine-2	30800
Ntuzu	f21ntuzu	iron	IRON	621	chUma	chUma	tʃ ʊ m a	iron-39	30800
Ntuzu	f21ntuzu	knee	KNEE	1371	izwi	izwi	i z w i	knee-11	30800
Ntuzu	f21ntuzu	knife	KNIFE	1352	lUʃU	lUʃU	l ʊ ʃ ʊ	knife-35	30800
Ntuzu	f21ntuzu	know	KNOW (SOMETHING)	1410	(ku)mana	(ku)mana	k u m a n a	know-8	30800
Ntuzu	f21ntuzu	leaf	LEAF	628	idUtU	idUtU	i d ʊ t ʊ	leaf-35	30800
Ntuzu	f21ntuzu	leg	LEG	1297	kUgUlU	kUgUlU	k ʊ g ʊ l ʊ	leg-1	30800
Ntuzu	f21ntuzu	liver	LIVER	1224	itema	itema	i t e m a	liver-40	30800
Ntuzu	f21ntuzu	louse	LOUSE	1392	nda	nda	ⁿd a	louse-22	30800
Ntuzu	f21ntuzu	man	MAN	1554	ngosi	ngosi	ⁿg o s i	man-40	30800
Ntuzu	f21ntuzu	moon	MOON	1313	ŋwezi	ŋwezi	ŋ w e z i	moon-5	30800
Ntuzu	f21ntuzu	mouth	MOUTH	674	nomo	nomo	n o m o	mouth-18	30800
Ntuzu	f21ntuzu	name	NAME	1405	lina	lina	l i n a	name-4	30800
Ntuzu	f21ntuzu	navel	NAVEL	1838	nkundi	nkundi	n k u ⁿd i	navel-18	30800
Ntuzu	f21ntuzu	night	NIGHT	1233	bUzikU	bUzikU	b ʊ z i k ʊ	night-1	30800
Ntuzu	f21ntuzu	nose	NOSE	1221	lyUlU	lyUlU	l j ʊ l ʊ	nose-28	30800
Ntuzu	f21ntuzu	one	ONE	1493	Imo	Imo	i m o	one-11	30800
Ntuzu	f21ntuzu	person	PERSON	683	munhU	munhU	m u n h ʊ	person-14	30800
Ntuzu	f21ntuzu	rain	RAIN (PRECIPITATION)	658	mbula	mbula	ⁿb u l a	rain-4	30800
Ntuzu	f21ntuzu	road	ROAD	667	nzIla	nzIla	n z ɪ l a	road-1	30800
Ntuzu	f21ntuzu	root	ROOT	670	nzi	nzi	n z i	root-22	30800
Ntuzu	f21ntuzu	salt	SALT	1274	munu	munu	m u n u	salt-24	30800
Ntuzu	f21ntuzu	sand	SAND	671	sangasanga	sangasanga	s a ⁿg a s a ⁿg a	sand-13	30800
Ntuzu	f21ntuzu	see	SEE	1409	(kU)bona	(kU)bona	k ʊ b o n a	see-18	30800
Ntuzu	f21ntuzu	send	SEND	1127	(gU)tUma	(gU)tUma	g ʊ t ʊ m a	send-1	30800
Ntuzu	f21ntuzu	shame	SHAME	1776	soni	soni	s o n i	shame-5	30800
Ntuzu	f21ntuzu	sing	SING	1261	kwImba	kwImba	kʷ ɪ ⁿb a	sing-2	30800
Ntuzu	f21ntuzu	skin	SKIN	763	magUla	magUla	m a g ʊ l a	skin-40	30800
Ntuzu	f21ntuzu	sky	SKY	1732	igUlU	igUlU	i g ʊ l ʊ	sky-3	30800
Ntuzu	f21ntuzu	sleep	SLEEP (STATE)	2972	tUlo	tUlo	t ʊ l o	sleep-1	30800
Ntuzu	f21ntuzu	smoke	SMOKE (EXHAUST)	778	lyochi	lyochi	l j o tʃ i	smoke-21	30800
Ntuzu	f21ntuzu	snake	SNAKE	730	nzoka	nzoka	n z o k a	snake-1	30800
Ntuzu	f21ntuzu	spear	SPEAR	945	ichimu	ichimu	i tʃ i m u	spear-15	30800
Ntuzu	f21ntuzu	steal	STEAL	713	kuba	kuba	k u b a	steal-4	30800
Ntuzu	f21ntuzu	stone	STONE	857	iwe	iwe	i w e	stone-12	30800
Ntuzu	f21ntuzu	sun	SUN	1343	lImi	lImi	l ɪ m i	sun-58	30800
Ntuzu	f21ntuzu	tail	TAIL	1220	nkIla	nkIla	n k ɪ l a	tail-6	30800
Ntuzu	f21ntuzu	ten	TEN	1515	ikUmi	ikUmi	i k ʊ m i	ten-1	30800
Ntuzu	f21ntuzu	three	THREE	492	idatu	idatu	i d a t u	three-1	30800
Ntuzu	f21ntuzu	tongue	TONGUE	1205	lUlImi	lUlImi	l ʊ l ɪ m i	tongue-1	30800
Ntuzu	f21ntuzu	tooth	TOOTH	1380	rino	rino	r i n o	tooth-3	30800
Ntuzu	f21ntuzu	tree	TREE	906	lIntI	lIntI	l ɪ n t ɪ	tree-1	30800
Ntuzu	f21ntuzu	two	TWO	1498	ibIlI	ibIlI	i b ɪ l ɪ	two-11	30800
Ntuzu	f21ntuzu	urine	URINE	1142	mine	mine	m i n e	urine-11	30800
Ntuzu	f21ntuzu	village	VILLAGE	930	madUka	madUka	m a d ʊ k a	village-55	30800
Ntuzu	f21ntuzu	vomit	VOMIT	1278	gUlUka	gUlUka	g ʊ l ʊ k a	vomit-2	30800
Ntuzu	f21ntuzu	walk	WALK	1443	gʊ-siminza	gʊ-siminza	g ʊ + s i m i n z a	walk-40	30800
Ntuzu	f21ntuzu	war	WAR	935	bUlUgU	bUlUgU	b ʊ l ʊ g ʊ	war-42	30800
Ntuzu	f21ntuzu	water	WATER	948	minzI	minzI	m i n z ɪ	water-16	30800
Ntuzu	f21ntuzu	wind	WIND	960	lUyaga	lUyaga	l ʊ j a g a	wind-22	30800
Ntuzu	f21ntuzu	woman	WOMAN	962	nkima	nkima	n k i m a	woman-44	30800
